{
  "3":{
    "1":0.3333,
    "2":0.4445,
    "3":0.1481,
    "4":0.0741,
    "5":null,
    "6":null,
    "7":null,
    "8":null,
    "9":null,
    "10":null,
    "11":null,
    "12":null,
    "13":null,
    "14":null,
    "15":null,
    "16":null,
    "17":null,
    "18":null,
    "19":null,
    "20":null,
    "21":null
  },
  "5":{
    "1":0.2,
    "2":0.32,
    "3":0.192,
    "4":0.1152,
    "5":0.1152,
    "6":0.0576,
    "7":null,
    "8":null,
    "9":null,
    "10":null,
    "11":null,
    "12":null,
    "13":null,
    "14":null,
    "15":null,
    "16":null,
    "17":null,
    "18":null,
    "19":null,
    "20":null,
    "21":null
  },
  "7":{
    "1":0.1429,
    "2":0.2449,
    "3":0.1749,
    "4":0.1249,
    "5":0.0893,
    "6":0.0892,
    "7":0.0893,
    "8":0.0446,
    "9":null,
    "10":null,
    "11":null,
    "12":null,
    "13":null,
    "14":null,
    "15":null,
    "16":null,
    "17":null,
    "18":null,
    "19":null,
    "20":null,
    "21":null
  },
  "10":{
    "1":0.1,
    "2":0.18,
    "3":0.144,
    "4":0.1152,
    "5":0.0922,
    "6":0.0737,
    "7":0.0655,
    "8":0.0655,
    "9":0.0656,
    "10":0.0655,
    "11":0.0328,
    "12":null,
    "13":null,
    "14":null,
    "15":null,
    "16":null,
    "17":null,
    "18":null,
    "19":null,
    "20":null,
    "21":null
  },
  "15":{
    "1":0.05,
    "2":0.095,
    "3":0.0855,
    "4":0.077,
    "5":0.0693,
    "6":0.0623,
    "7":0.059,
    "8":0.059,
    "9":0.0591,
    "10":0.059,
    "11":0.0591,
    "12":0.059,
    "13":0.0591,
    "14":0.059,
    "15":0.0591,
    "16":0.0295,
    "17":null,
    "18":null,
    "19":null,
    "20":null,
    "21":null
  },
  "20":{
    "1":0.0375,
    "2":0.07219,
    "3":0.06677,
    "4":0.06177,
    "5":0.05713,
    "6":0.05285,
    "7":0.04888,
    "8":0.04522,
    "9":0.04462,
    "10":0.04461,
    "11":0.04462,
    "12":0.04461,
    "13":0.04462,
    "14":0.04461,
    "15":0.04462,
    "16":0.04461,
    "17":0.04462,
    "18":0.04461,
    "19":0.04462,
    "20":0.04461,
    "21":0.02231
  }
}